当月,当月同比增长,累计,date
98.6,-1.4,98.6,2026-01-01
98.1,-1.9,97.4,2025-12-01
97.8,-2.2,97.3,2025-11-01
97.9,-2.1,97.3,2025-10-01
97.7,-2.3,97.2,2025-09-01
97.1,-2.9,97.1,2025-08-01
96.4,-3.6,97.1,2025-07-01
96.4,-3.6,97.2,2025-06-01
96.7,-3.3,97.4,2025-05-01
97.3,-2.7,97.6,2025-04-01
97.5,-2.5,97.7,2025-03-01
97.8,-2.2,97.8,2025-02-01
97.7,-2.3,97.7,2025-01-01
97.7,-2.3,97.8,2024-12-01
97.5,-2.5,97.9,2024-11-01
97.1,-2.9,97.8931,2024-10-01
97.2,-2.8,98.0,2024-09-01
98.2,-1.8,98.1,2024-08-01
99.2,-0.8,98.0,2024-07-01
99.2,-0.8,97.9,2024-06-01
98.6,-1.4,97.6,2024-05-01
97.5,-2.5,97.3,2024-04-01
97.2,-2.8,97.3,2024-03-01
97.3,-2.7,97.4,2024-02-01
97.5,-2.5,97.5,2024-01-01
97.3,-2.7,97.0,2023-12-01
97.0,-3.0,96.9,2023-11-01
97.4,-2.6,96.9,2023-10-01
97.5,-2.5,96.9,2023-09-01
97.0,-3.0,96.8,2023-08-01
95.6,-4.4,96.8,2023-07-01
94.6,-5.4,96.9,2023-06-01
95.4,-4.6,97.4,2023-05-01
96.4,-3.6,97.9,2023-04-01
97.5,-2.5,98.4,2023-03-01
98.6,-1.4,98.9,2023-02-01
99.2,-0.8,99.2,2023-01-01
99.3,-0.7,104.1,2022-12-01
98.7,-1.3,104.6,2022-11-01
98.7,-1.3,105.2,2022-10-01
100.948,0.9,105.9397,2022-09-01
102.3,2.3,106.6,2022-08-01
104.2,4.2,107.2,2022-07-01
106.1,6.1,107.7,2022-06-01
106.4,6.4,108.1,2022-05-01
108.0,8.0,108.5,2022-04-01
108.3,8.3,108.7,2022-03-01
108.8,8.8,108.9,2022-02-01
109.1,9.1,109.1,2022-01-01
110.3,10.3,108.1,2021-12-01
112.9,12.9,107.9,2021-11-01
113.5,13.5,107.3,2021-10-01
110.7,10.7,106.7,2021-09-01
109.5,9.5,106.2,2021-08-01
109.0,9.0,105.7,2021-07-01
108.8,8.8,105.1,2021-06-01
109.0,9.0,104.4,2021-05-01
106.8,6.8,103.3,2021-04-01
104.4,4.4,102.1,2021-03-01
101.7,1.7,101.0,2021-02-01
100.3,0.3,100.3,2021-01-01
99.6,-0.4,98.2,2020-12-01
98.5,-1.5,98.0,2020-11-01
97.9,-2.1,98.0,2020-10-01
97.9,-2.1,98.0,2020-09-01
98.0,-2.0,98.0,2020-08-01
97.6,-2.4,98.0,2020-07-01
97.0,-3.0,98.1,2020-06-01
96.3,-3.7,98.3,2020-05-01
96.9,-3.1,98.8,2020-04-01
98.5,-1.5,99.4,2020-03-01
99.6,-0.4,99.8,2020-02-01
100.1,0.1,100.1,2020-01-01
99.5,-0.5,99.7,2019-12-01
98.6,-1.4,99.7,2019-11-01
98.4,-1.6,99.8,2019-10-01
98.8,-1.2,100.0,2019-09-01
99.2,-0.8,100.1,2019-08-01
99.7,-0.3,100.2,2019-07-01
100.0,0.0,100.3,2019-06-01
100.6,0.6,100.4,2019-05-01
100.9,0.9,100.3,2019-04-01
100.4,0.4,100.2,2019-03-01
100.1,0.1,100.1,2019-02-01
100.1,0.1,100.1,2019-01-01
100.9,0.9,103.5,2018-12-01
102.7,2.7,103.8,2018-11-01
103.3,3.3,103.9,2018-10-01
103.6,3.6,104.0,2018-09-01
104.1,4.1,104.0,2018-08-01
104.6,4.6,104.0,2018-07-01
104.7,4.7,103.9,2018-06-01
104.1,4.1,103.7,2018-05-01
103.4,3.4,103.6,2018-04-01
103.1,3.1,103.7,2018-03-01
103.7,3.7,104.0,2018-02-01
104.3,4.3,104.3,2018-01-01
104.9,4.9,106.3,2017-12-01
105.8,5.8,106.4,2017-11-01
106.9,6.9,106.5,2017-10-01
106.9,6.9,106.5,2017-09-01
106.4,6.3,106.4,2017-08-01
105.5,5.5,106.4,2017-07-01
105.5,5.5,106.6,2017-06-01
105.5,5.5,106.8,2017-05-01
106.4,6.4,107.2,2017-04-01
107.6,7.6,107.4,2017-03-01
107.8,7.8,107.3,2017-02-01
106.9,6.9,106.9,2017-01-01
105.5,5.5,98.6,2016-12-01
103.3,3.3,98.0,2016-11-01
101.2,1.2,97.5,2016-10-01
100.1,0.1,97.1,2016-09-01
99.2,-0.8,96.8,2016-08-01
98.3,-1.7,96.4,2016-07-01
97.4,-2.6,96.1,2016-06-01
97.2,-2.8,95.9,2016-05-01
96.6187,-3.4,95.5265,2016-04-01
95.6793,-4.3,95.1645,2016-03-01
95.1,-4.9,94.9,2016-02-01
94.7,-5.3,94.7204,2016-01-01
94.1,-5.9,94.8,2015-12-01
94.1,-5.9,94.8,2015-11-01
94.1,-5.9,94.9,2015-10-01
94.055,-5.945,95.0127,2015-09-01
94.0773,-5.9227,95.1312,2015-08-01
94.6308,-5.3692,95.2808,2015-07-01
95.1865,-4.8135,95.3885,2015-06-01
95.393,-4.607,95.4286,2015-05-01
95.4275,-4.5725,95.4375,2015-04-01
95.4397,-4.5603,95.4408,2015-03-01
95.2024,-4.7976,95.4414,2015-02-01
95.6798,-4.3202,95.6798,2015-01-01
96.6848,-3.3152,98.1124,2014-12-01
97.3072,-2.6928,98.2414,2014-11-01
97.7572,-2.2428,98.3342,2014-10-01
98.2004,-1.7996,98.3979,2014-09-01
98.7962,-1.2038,98.4224,2014-08-01
99.1312,-0.8688,98.3696,2014-07-01
98.8908,-1.1086,98.2445,2014-06-01
98.5536,-1.4464,98.117,2014-05-01
97.9958,-2.0042,98.0089,2014-04-01
97.6981,-2.3022,98.0133,2014-03-01
97.9818,-2.0182,98.171,2014-02-01
98.3606,-1.6394,98.3606,2014-01-01
98.6443,-1.3557,98.0894,2013-12-01
98.5758,-1.4242,98.0396,2013-11-01
98.4929,-1.5071,97.9866,2013-10-01
98.6561,-1.3439,97.9311,2013-09-01
98.375,-1.625,97.8419,2013-08-01
97.7288,-2.2712,97.767,2013-07-01
97.3035,-2.6965,97.7733,2013-06-01
97.1342,-2.8658,97.8665,2013-05-01
97.3825,-2.6175,98.0494,2013-04-01
98.081,-1.919,98.2726,2013-03-01
98.3746,-1.6254,98.3688,2013-02-01
98.3628,-1.6372,98.3628,2013-01-01
98.0603,-1.9397,98.282,2012-12-01
97.8005,-2.1995,98.302,2012-11-01
97.2442,-2.7558,98.3518,2012-10-01
96.4455,-3.5545,98.4748,2012-09-01
96.5216,-3.4784,98.7304,2012-08-01
97.1349,-2.8651,99.0486,2012-07-01
97.9157,-2.0843,99.3703,2012-06-01
98.6019,-1.3981,99.664,2012-05-01
99.3016,-0.6984,99.933,2012-04-01
99.6829,-0.3171,100.146,2012-03-01
100.0284,0.0284,100.38,2012-02-01
100.7347,0.7347,100.7347,2012-01-01
101.6854,1.6854,106.026,2011-12-01
102.7179,2.7179,106.4352,2011-11-01
105.0038,5.0038,106.8191,2011-10-01
106.5227,6.5227,107.0247,2011-09-01
107.2528,7.2528,107.0883,2011-08-01
107.5417,7.5417,107.0646,2011-07-01
107.1209,7.1209,106.9849,2011-06-01
106.7851,6.7851,106.9575,2011-05-01
106.821,6.821,107.0012,2011-04-01
107.3081,7.3081,107.0621,2011-03-01
107.2322,7.2322,106.9383,2011-02-01
106.6436,6.6436,106.6436,2011-01-01
105.93,5.93,105.54,2010-12-01
106.06,6.06,105.51,2010-11-01
105.04,5.04,105.45,2010-10-01
104.33,4.33,105.5,2010-09-01
104.32,4.32,105.64,2010-08-01
104.84,4.84,105.83,2010-07-01
106.41,6.41,106.0,2010-06-01
107.13,7.13,105.9,2010-05-01
106.81,6.81,105.61,2010-04-01
105.91,5.91,105.21,2010-03-01
105.39,5.39,104.86,2010-02-01
104.32,4.32,104.32,2010-01-01
101.7,1.7,94.61,2009-12-01
97.92,-2.08,93.96,2009-11-01
94.15,-5.85,93.57,2009-10-01
93.01,-6.99,93.5,2009-09-01
92.14,-7.86,93.56,2009-08-01
91.78,-8.22,93.76,2009-07-01
92.2,-7.8,94.1,2009-06-01
92.8,-7.2,94.48,2009-05-01
93.4,-6.6,94.9,2009-04-01
94.01,-5.99,95.4,2009-03-01
95.53,-4.47,96.1,2009-02-01
96.65,-3.35,96.65,2009-01-01
98.86,-1.14,106.87,2008-12-01
101.99,1.99,107.6,2008-11-01
106.59,6.59,108.16,2008-10-01
109.13,9.13,108.34,2008-09-01
110.06,10.06,108.2,2008-08-01
110.03,10.03,108.0,2008-07-01
108.84,8.84,107.6,2008-06-01
108.22,8.22,107.4,2008-05-01
108.12,8.12,107.2,2008-04-01
107.95,7.95,106.9,2008-03-01
106.62,6.62,106.4,2008-02-01
106.07,6.07,106.07,2008-01-01
105.43,5.43,103.1,2007-12-01
104.55,4.55,102.9,2007-11-01
103.21,3.21,102.8,2007-10-01
102.71,2.71,102.7,2007-09-01
102.56,2.56,102.7,2007-08-01
102.39,2.39,102.7,2007-07-01
102.49,2.49,102.8,2007-06-01
102.76,2.76,102.8,2007-05-01
102.87,2.87,102.9,2007-04-01
102.65,2.65,102.9,2007-03-01
102.6,2.6,103.0,2007-02-01
103.3,3.3,103.3,2007-01-01
103.05,3.05,103.0,2006-12-01
102.78,2.78,103.0,2006-11-01
102.9,2.9,103.0,2006-10-01
103.45,3.45,103.0,2006-09-01
103.4,3.4,102.9,2006-08-01
103.58,3.58,102.9,2006-07-01
103.52,3.52,102.7,2006-06-01
102.43,2.43,102.57,2006-05-01
101.87,1.87,102.6,2006-04-01
102.49,2.49,102.9,2006-03-01
103.01,3.01,103.0,2006-02-01
103.05,3.05,103.05,2006-01-01
